Users;Experiment;Trial;AOI;X;Y;Duration
A;1;1;5;10;10;0.235786
A;1;1;5;10;10;0.579286
A;2;1;1;10;10;0.123896
A;2;1;2;10;10;0.427904
A;2;1;3;10;10;0.443703
A;2;2;4;10;10;0.123456
A;2;2;5;10;10;0.874231
A;2;2;6;10;10;0.346932
A;2;3;7;10;10;0.532474
B;2;1;1;10;10;0.123896
B;2;1;2;10;10;0.427904
B;2;1;3;10;10;0.443703